[
  {
    "model": "admin.logentry",
    "pk": 1,
    "fields": {
      "action_time": "2025-02-24T21:58:29.161Z",
      "user": 1,
      "content_type": 7,
      "object_id": "1",
      "object_repr": "Physical",
      "action_flag": 1,
      "change_message": "[{\"added\": {}}]"
    }
  },
  {
    "model": "admin.logentry",
    "pk": 2,
    "fields": {
      "action_time": "2025-02-24T21:58:35.918Z",
      "user": 1,
      "content_type": 7,
      "object_id": "2",
      "object_repr": "Intellectual",
      "action_flag": 1,
      "change_message": "[{\"added\": {}}]"
    }
  },
  {
    "model": "admin.logentry",
    "pk": 3,
    "fields": {
      "action_time": "2025-02-24T21:58:42.430Z",
      "user": 1,
      "content_type": 7,
      "object_id": "3",
      "object_repr": "Physical/Intellectual",
      "action_flag": 1,
      "change_message": "[{\"added\": {}}]"
    }
  },
  {
    "model": "admin.logentry",
    "pk": 4,
    "fields": {
      "action_time": "2025-02-24T22:00:11.261Z",
      "user": 1,
      "content_type": 12,
      "object_id": "1",
      "object_repr": "Central California Regional Center (CCRC)",
      "action_flag": 1,
      "change_message": "[{\"added\": {}}]"
    }
  },
  {
    "model": "admin.logentry",
    "pk": 5,
    "fields": {
      "action_time": "2025-02-24T22:00:23.182Z",
      "user": 1,
      "content_type": 12,
      "object_id": "2",
      "object_repr": "Central Valley Regional Center (CVRC)",
      "action_flag": 1,
      "change_message": "[{\"added\": {}}]"
    }
  },
  {
    "model": "admin.logentry",
    "pk": 6,
    "fields": {
      "action_time": "2025-02-24T22:00:34Z",
      "user": 1,
      "content_type": 12,
      "object_id": "3",
      "object_repr": "Eastern Regional Center (ERC)",
      "action_flag": 1,
      "change_message": "[{\"added\": {}}]"
    }
  },
  {
    "model": "admin.logentry",
    "pk": 7,
    "fields": {
      "action_time": "2025-02-24T22:00:44.762Z",
      "user": 1,
      "content_type": 12,
      "object_id": "4",
      "object_repr": "Golden Gate Regional Center (GGRC)",
      "action_flag": 1,
      "change_message": "[{\"added\": {}}]"
    }
  },
  {
    "model": "admin.logentry",
    "pk": 8,
    "fields": {
      "action_time": "2025-02-24T22:00:54.931Z",
      "user": 1,
      "content_type": 12,
      "object_id": "5",
      "object_repr": "Inland Regional Center (IRC)",
      "action_flag": 1,
      "change_message": "[{\"added\": {}}]"
    }
  },
  {
    "model": "admin.logentry",
    "pk": 9,
    "fields": {
      "action_time": "2025-02-24T22:01:04.240Z",
      "user": 1,
      "content_type": 12,
      "object_id": "6",
      "object_repr": "North Bay Regional Center (NBRC)",
      "action_flag": 1,
      "change_message": "[{\"added\": {}}]"
    }
  },
  {
    "model": "admin.logentry",
    "pk": 10,
    "fields": {
      "action_time": "2025-02-24T22:01:15.019Z",
      "user": 1,
      "content_type": 12,
      "object_id": "7",
      "object_repr": "Northwest Regional Center (NWRC)",
      "action_flag": 1,
      "change_message": "[{\"added\": {}}]"
    }
  },
  {
    "model": "admin.logentry",
    "pk": 11,
    "fields": {
      "action_time": "2025-02-24T22:01:24.746Z",
      "user": 1,
      "content_type": 12,
      "object_id": "8",
      "object_repr": "Sacramento Area Regional Center (SARC)",
      "action_flag": 1,
      "change_message": "[{\"added\": {}}]"
    }
  },
  {
    "model": "admin.logentry",
    "pk": 12,
    "fields": {
      "action_time": "2025-02-24T22:01:33.613Z",
      "user": 1,
      "content_type": 12,
      "object_id": "9",
      "object_repr": "San Diego Regional Center (SDRC)",
      "action_flag": 1,
      "change_message": "[{\"added\": {}}]"
    }
  },
  {
    "model": "admin.logentry",
    "pk": 13,
    "fields": {
      "action_time": "2025-02-24T22:01:43.566Z",
      "user": 1,
      "content_type": 12,
      "object_id": "10",
      "object_repr": "Southern California Regional Center (SCRC)",
      "action_flag": 1,
      "change_message": "[{\"added\": {}}]"
    }
  },
  {
    "model": "admin.logentry",
    "pk": 14,
    "fields": {
      "action_time": "2025-02-24T22:01:54.367Z",
      "user": 1,
      "content_type": 12,
      "object_id": "11",
      "object_repr": "Southern Regional Center (SRC)",
      "action_flag": 1,
      "change_message": "[{\"added\": {}}]"
    }
  },
  {
    "model": "admin.logentry",
    "pk": 15,
    "fields": {
      "action_time": "2025-02-24T22:02:07.196Z",
      "user": 1,
      "content_type": 12,
      "object_id": "12",
      "object_repr": "Western Central Regional Center (WCRC)",
      "action_flag": 1,
      "change_message": "[{\"added\": {}}]"
    }
  },
  {
    "model": "admin.logentry",
    "pk": 16,
    "fields": {
      "action_time": "2025-02-24T22:03:31.730Z",
      "user": 1,
      "content_type": 22,
      "object_id": "1",
      "object_repr": "Cerebral Palsy",
      "action_flag": 1,
      "change_message": "[{\"added\": {}}]"
    }
  },
  {
    "model": "admin.logentry",
    "pk": 17,
    "fields": {
      "action_time": "2025-02-24T22:04:02.598Z",
      "user": 1,
      "content_type": 22,
      "object_id": "2",
      "object_repr": "Spina Bifida",
      "action_flag": 1,
      "change_message": "[{\"added\": {}}]"
    }
  },
  {
    "model": "admin.logentry",
    "pk": 18,
    "fields": {
      "action_time": "2025-02-24T22:04:31.262Z",
      "user": 1,
      "content_type": 22,
      "object_id": "3",
      "object_repr": "Muscular Dystrophy",
      "action_flag": 1,
      "change_message": "[{\"added\": {}}]"
    }
  },
  {
    "model": "admin.logentry",
    "pk": 19,
    "fields": {
      "action_time": "2025-02-24T22:04:53.696Z",
      "user": 1,
      "content_type": 22,
      "object_id": "4",
      "object_repr": "Multiple Sclerosis",
      "action_flag": 1,
      "change_message": "[{\"added\": {}}]"
    }
  },
  {
    "model": "admin.logentry",
    "pk": 20,
    "fields": {
      "action_time": "2025-02-24T22:05:18.685Z",
      "user": 1,
      "content_type": 22,
      "object_id": "5",
      "object_repr": "Traumatic Brain Injury (TBI)",
      "action_flag": 1,
      "change_message": "[{\"added\": {}}]"
    }
  },
  {
    "model": "admin.logentry",
    "pk": 21,
    "fields": {
      "action_time": "2025-02-24T22:05:52.904Z",
      "user": 1,
      "content_type": 22,
      "object_id": "6",
      "object_repr": "Down Syndrome",
      "action_flag": 1,
      "change_message": "[{\"added\": {}}]"
    }
  },
  {
    "model": "admin.logentry",
    "pk": 22,
    "fields": {
      "action_time": "2025-02-24T22:06:17.288Z",
      "user": 1,
      "content_type": 22,
      "object_id": "7",
      "object_repr": "Fragile X Syndrome",
      "action_flag": 1,
      "change_message": "[{\"added\": {}}]"
    }
  },
  {
    "model": "admin.logentry",
    "pk": 23,
    "fields": {
      "action_time": "2025-02-24T22:06:48.693Z",
      "user": 1,
      "content_type": 22,
      "object_id": "8",
      "object_repr": "Autism Spectrum Disorder (ASD)",
      "action_flag": 1,
      "change_message": "[{\"added\": {}}]"
    }
  },
  {
    "model": "admin.logentry",
    "pk": 24,
    "fields": {
      "action_time": "2025-02-24T22:07:12.669Z",
      "user": 1,
      "content_type": 22,
      "object_id": "9",
      "object_repr": "Fetal Alcohol Spectrum Disorders (FASD)",
      "action_flag": 1,
      "change_message": "[{\"added\": {}}]"
    }
  },
  {
    "model": "admin.logentry",
    "pk": 25,
    "fields": {
      "action_time": "2025-02-24T22:09:08.946Z",
      "user": 1,
      "content_type": 22,
      "object_id": "10",
      "object_repr": "Cerebral Palsy",
      "action_flag": 1,
      "change_message": "[{\"added\": {}}]"
    }
  },
  {
    "model": "admin.logentry",
    "pk": 26,
    "fields": {
      "action_time": "2025-02-24T22:10:13.429Z",
      "user": 1,
      "content_type": 22,
      "object_id": "9",
      "object_repr": "Fetal Alcohol Spectrum Disorders (FASD)",
      "action_flag": 2,
      "change_message": "[]"
    }
  },
  {
    "model": "admin.logentry",
    "pk": 27,
    "fields": {
      "action_time": "2025-02-24T23:38:08.906Z",
      "user": 1,
      "content_type": 23,
      "object_id": "1",
      "object_repr": "123 Elm Street, Hayward, California, 94542",
      "action_flag": 1,
      "change_message": "[{\"added\": {}}]"
    }
  },
  {
    "model": "admin.logentry",
    "pk": 28,
    "fields": {
      "action_time": "2025-02-24T23:40:32.414Z",
      "user": 1,
      "content_type": 8,
      "object_id": "1",
      "object_repr": "John Doe",
      "action_flag": 1,
      "change_message": "[{\"added\": {}}]"
    }
  },
  {
    "model": "admin.logentry",
    "pk": 29,
    "fields": {
      "action_time": "2025-02-24T23:41:21.257Z",
      "user": 1,
      "content_type": 23,
      "object_id": "2",
      "object_repr": "456 Maple Avenue, 67, Fremont, California, 94536",
      "action_flag": 1,
      "change_message": "[{\"added\": {}}]"
    }
  },
  {
    "model": "admin.logentry",
    "pk": 30,
    "fields": {
      "action_time": "2025-02-24T23:42:46.051Z",
      "user": 1,
      "content_type": 8,
      "object_id": "2",
      "object_repr": "Emily Smith",
      "action_flag": 1,
      "change_message": "[{\"added\": {}}]"
    }
  },
  {
    "model": "admin.logentry",
    "pk": 31,
    "fields": {
      "action_time": "2025-02-24T23:43:50.099Z",
      "user": 1,
      "content_type": 23,
      "object_id": "3",
      "object_repr": "789 Oak Drive, 34, Oakland, California, 94597",
      "action_flag": 1,
      "change_message": "[{\"added\": {}}]"
    }
  },
  {
    "model": "admin.logentry",
    "pk": 32,
    "fields": {
      "action_time": "2025-02-24T23:45:20.883Z",
      "user": 1,
      "content_type": 8,
      "object_id": "3",
      "object_repr": "Michael Johnson",
      "action_flag": 1,
      "change_message": "[{\"added\": {}}]"
    }
  },
  {
    "model": "admin.logentry",
    "pk": 33,
    "fields": {
      "action_time": "2025-02-24T23:46:25.072Z",
      "user": 1,
      "content_type": 23,
      "object_id": "4",
      "object_repr": "321 Pine Road, Tracy, California, 94542",
      "action_flag": 1,
      "change_message": "[{\"added\": {}}]"
    }
  },
  {
    "model": "admin.logentry",
    "pk": 34,
    "fields": {
      "action_time": "2025-02-24T23:47:29.213Z",
      "user": 1,
      "content_type": 8,
      "object_id": "4",
      "object_repr": "Sarah Williams",
      "action_flag": 1,
      "change_message": "[{\"added\": {}}]"
    }
  },
  {
    "model": "admin.logentry",
    "pk": 35,
    "fields": {
      "action_time": "2025-02-24T23:48:23.297Z",
      "user": 1,
      "content_type": 23,
      "object_id": "5",
      "object_repr": "654 Cedar Blvd, 256, Sonora, California, 94597",
      "action_flag": 1,
      "change_message": "[{\"added\": {}}]"
    }
  },
  {
    "model": "admin.logentry",
    "pk": 36,
    "fields": {
      "action_time": "2025-02-24T23:49:09.468Z",
      "user": 1,
      "content_type": 8,
      "object_id": "5",
      "object_repr": "Robert Brown",
      "action_flag": 1,
      "change_message": "[{\"added\": {}}]"
    }
  },
  {
    "model": "admin.logentry",
    "pk": 37,
    "fields": {
      "action_time": "2025-02-24T23:55:33.182Z",
      "user": 1,
      "content_type": 23,
      "object_id": "6",
      "object_repr": "123 Street Name, Modesto, California, 94536",
      "action_flag": 1,
      "change_message": "[{\"added\": {}}]"
    }
  },
  {
    "model": "admin.logentry",
    "pk": 38,
    "fields": {
      "action_time": "2025-02-24T23:57:01.070Z",
      "user": 1,
      "content_type": 15,
      "object_id": "1",
      "object_repr": "Jay Cook",
      "action_flag": 1,
      "change_message": "[{\"added\": {}}]"
    }
  },
  {
    "model": "admin.logentry",
    "pk": 39,
    "fields": {
      "action_time": "2025-02-25T00:02:28.146Z",
      "user": 1,
      "content_type": 23,
      "object_id": "7",
      "object_repr": "28 Upper Drive, 8, Manteca, California, 94597",
      "action_flag": 1,
      "change_message": "[{\"added\": {}}]"
    }
  },
  {
    "model": "admin.logentry",
    "pk": 40,
    "fields": {
      "action_time": "2025-02-25T00:04:10.434Z",
      "user": 1,
      "content_type": 15,
      "object_id": "2",
      "object_repr": "Zuba Kay",
      "action_flag": 1,
      "change_message": "[{\"added\": {}}]"
    }
  },
  {
    "model": "admin.logentry",
    "pk": 41,
    "fields": {
      "action_time": "2025-02-25T00:05:24.420Z",
      "user": 1,
      "content_type": 23,
      "object_id": "8",
      "object_repr": "9 Sixth Street, 250, Oakdale, California, 94597",
      "action_flag": 1,
      "change_message": "[{\"added\": {}}]"
    }
  },
  {
    "model": "admin.logentry",
    "pk": 42,
    "fields": {
      "action_time": "2025-02-25T00:06:14.857Z",
      "user": 1,
      "content_type": 15,
      "object_id": "3",
      "object_repr": "Abi Duncan",
      "action_flag": 1,
      "change_message": "[{\"added\": {}}]"
    }
  },
  {
    "model": "admin.logentry",
    "pk": 43,
    "fields": {
      "action_time": "2025-02-25T00:07:41.376Z",
      "user": 1,
      "content_type": 23,
      "object_id": "9",
      "object_repr": "28 Boat Court, Calavaras, California, 94542",
      "action_flag": 1,
      "change_message": "[{\"added\": {}}]"
    }
  },
  {
    "model": "admin.logentry",
    "pk": 44,
    "fields": {
      "action_time": "2025-02-25T00:08:29.716Z",
      "user": 1,
      "content_type": 15,
      "object_id": "4",
      "object_repr": "Josh Brolin",
      "action_flag": 1,
      "change_message": "[{\"added\": {}}]"
    }
  },
  {
    "model": "admin.logentry",
    "pk": 45,
    "fields": {
      "action_time": "2025-02-25T01:50:53.721Z",
      "user": 1,
      "content_type": 4,
      "object_id": "2",
      "object_repr": "josh.brolin@example.com",
      "action_flag": 1,
      "change_message": "[{\"added\": {}}]"
    }
  },
  {
    "model": "admin.logentry",
    "pk": 46,
    "fields": {
      "action_time": "2025-02-25T01:51:18.154Z",
      "user": 1,
      "content_type": 15,
      "object_id": "4",
      "object_repr": "Josh Brolin",
      "action_flag": 2,
      "change_message": "[{\"changed\": {\"fields\": [\"User\"]}}]"
    }
  },
  {
    "model": "admin.logentry",
    "pk": 47,
    "fields": {
      "action_time": "2025-02-25T01:52:44.958Z",
      "user": 1,
      "content_type": 23,
      "object_id": "10",
      "object_repr": "9 Crystal Palaca, Dublin, California, 94536",
      "action_flag": 1,
      "change_message": "[{\"added\": {}}]"
    }
  },
  {
    "model": "admin.logentry",
    "pk": 48,
    "fields": {
      "action_time": "2025-02-25T01:53:22.818Z",
      "user": 1,
      "content_type": 15,
      "object_id": "5",
      "object_repr": "Patrick Sineh",
      "action_flag": 1,
      "change_message": "[{\"added\": {}}]"
    }
  },
  {
    "model": "admin.logentry",
    "pk": 49,
    "fields": {
      "action_time": "2025-02-25T01:55:11.088Z",
      "user": 1,
      "content_type": 15,
      "object_id": "4",
      "object_repr": "Josh Brolin",
      "action_flag": 2,
      "change_message": "[]"
    }
  },
  {
    "model": "admin.logentry",
    "pk": 50,
    "fields": {
      "action_time": "2025-02-25T06:21:52.265Z",
      "user": 1,
      "content_type": 24,
      "object_id": "3",
      "object_repr": "Leonard Kamara - 2025-02-16 to 2025-02-28 (Approved)",
      "action_flag": 2,
      "change_message": "[{\"changed\": {\"fields\": [\"Status\"]}}]"
    }
  },
  {
    "model": "admin.logentry",
    "pk": 51,
    "fields": {
      "action_time": "2025-02-25T06:22:09.983Z",
      "user": 1,
      "content_type": 24,
      "object_id": "2",
      "object_repr": "Leonard Kamara - 2025-02-16 to 2025-02-28 (Pending)",
      "action_flag": 3,
      "change_message": ""
    }
  },
  {
    "model": "admin.logentry",
    "pk": 52,
    "fields": {
      "action_time": "2025-02-25T07:03:15.569Z",
      "user": 1,
      "content_type": 4,
      "object_id": "5",
      "object_repr": "zubakay@example.com",
      "action_flag": 2,
      "change_message": "[{\"changed\": {\"fields\": [\"password\"]}}]"
    }
  },
  {
    "model": "admin.logentry",
    "pk": 53,
    "fields": {
      "action_time": "2025-02-25T07:07:45.639Z",
      "user": 1,
      "content_type": 24,
      "object_id": "4",
      "object_repr": "Leonard Kamara - 2025-02-23 to 2025-02-28 (Approved)",
      "action_flag": 2,
      "change_message": "[{\"changed\": {\"fields\": [\"Start date\", \"Status\"]}}]"
    }
  },
  {
    "model": "admin.logentry",
    "pk": 54,
    "fields": {
      "action_time": "2025-02-26T01:04:47.369Z",
      "user": 1,
      "content_type": 23,
      "object_id": "11",
      "object_repr": "25200 Carlos Bee Blvd, 121, Hayward, California, 94542",
      "action_flag": 1,
      "change_message": "[{\"added\": {}}]"
    }
  },
  {
    "model": "admin.logentry",
    "pk": 55,
    "fields": {
      "action_time": "2025-02-26T01:12:11.643Z",
      "user": 1,
      "content_type": 4,
      "object_id": "1",
      "object_repr": "leonard",
      "action_flag": 2,
      "change_message": "[{\"changed\": {\"fields\": [\"First name\", \"Last name\"]}}]"
    }
  },
  {
    "model": "admin.logentry",
    "pk": 56,
    "fields": {
      "action_time": "2025-02-26T07:16:51.036Z",
      "user": 1,
      "content_type": 4,
      "object_id": "2",
      "object_repr": "josh.brolin@example.com",
      "action_flag": 2,
      "change_message": "[{\"changed\": {\"fields\": [\"password\"]}}]"
    }
  },
  {
    "model": "admin.logentry",
    "pk": 57,
    "fields": {
      "action_time": "2025-02-27T16:44:06.805Z",
      "user": 1,
      "content_type": 24,
      "object_id": "5",
      "object_repr": "Josh Brolin - 2025-02-16 to 2025-02-28 (Approved)",
      "action_flag": 2,
      "change_message": "[{\"changed\": {\"fields\": [\"Status\"]}}]"
    }
  },
  {
    "model": "admin.logentry",
    "pk": 58,
    "fields": {
      "action_time": "2025-02-27T19:31:38.137Z",
      "user": 1,
      "content_type": 15,
      "object_id": "1",
      "object_repr": "Jay Cook",
      "action_flag": 2,
      "change_message": "[{\"changed\": {\"fields\": [\"User\"]}}]"
    }
  },
  {
    "model": "admin.logentry",
    "pk": 59,
    "fields": {
      "action_time": "2025-02-27T19:40:49.556Z",
      "user": 1,
      "content_type": 15,
      "object_id": "7",
      "object_repr": "Jasonta Coker",
      "action_flag": 1,
      "change_message": "[{\"added\": {}}]"
    }
  },
  {
    "model": "admin.logentry",
    "pk": 60,
    "fields": {
      "action_time": "2025-02-27T19:43:52.269Z",
      "user": 1,
      "content_type": 4,
      "object_id": "7",
      "object_repr": "jasonta.coker@example.com",
      "action_flag": 2,
      "change_message": "[{\"changed\": {\"fields\": [\"password\"]}}]"
    }
  },
  {
    "model": "admin.logentry",
    "pk": 61,
    "fields": {
      "action_time": "2025-02-27T20:10:21.546Z",
      "user": 1,
      "content_type": 24,
      "object_id": "6",
      "object_repr": "Jasonta Coker - 2025-02-16 to 2025-02-28 (Approved)",
      "action_flag": 2,
      "change_message": "[{\"changed\": {\"fields\": [\"Status\"]}}]"
    }
  },
  {
    "model": "auth.permission",
    "pk": 1,
    "fields": {
      "name": "Can add log entry",
      "content_type": 1,
      "codename": "add_logentry"
    }
  },
  {
    "model": "auth.permission",
    "pk": 2,
    "fields": {
      "name": "Can change log entry",
      "content_type": 1,
      "codename": "change_logentry"
    }
  },
  {
    "model": "auth.permission",
    "pk": 3,
    "fields": {
      "name": "Can delete log entry",
      "content_type": 1,
      "codename": "delete_logentry"
    }
  },
  {
    "model": "auth.permission",
    "pk": 4,
    "fields": {
      "name": "Can view log entry",
      "content_type": 1,
      "codename": "view_logentry"
    }
  },
  {
    "model": "auth.permission",
    "pk": 5,
    "fields": {
      "name": "Can add permission",
      "content_type": 2,
      "codename": "add_permission"
    }
  },
  {
    "model": "auth.permission",
    "pk": 6,
    "fields": {
      "name": "Can change permission",
      "content_type": 2,
      "codename": "change_permission"
    }
  },
  {
    "model": "auth.permission",
    "pk": 7,
    "fields": {
      "name": "Can delete permission",
      "content_type": 2,
      "codename": "delete_permission"
    }
  },
  {
    "model": "auth.permission",
    "pk": 8,
    "fields": {
      "name": "Can view permission",
      "content_type": 2,
      "codename": "view_permission"
    }
  },
  {
    "model": "auth.permission",
    "pk": 9,
    "fields": {
      "name": "Can add group",
      "content_type": 3,
      "codename": "add_group"
    }
  },
  {
    "model": "auth.permission",
    "pk": 10,
    "fields": {
      "name": "Can change group",
      "content_type": 3,
      "codename": "change_group"
    }
  },
  {
    "model": "auth.permission",
    "pk": 11,
    "fields": {
      "name": "Can delete group",
      "content_type": 3,
      "codename": "delete_group"
    }
  },
  {
    "model": "auth.permission",
    "pk": 12,
    "fields": {
      "name": "Can view group",
      "content_type": 3,
      "codename": "view_group"
    }
  },
  {
    "model": "auth.permission",
    "pk": 13,
    "fields": {
      "name": "Can add user",
      "content_type": 4,
      "codename": "add_user"
    }
  },
  {
    "model": "auth.permission",
    "pk": 14,
    "fields": {
      "name": "Can change user",
      "content_type": 4,
      "codename": "change_user"
    }
  },
  {
    "model": "auth.permission",
    "pk": 15,
    "fields": {
      "name": "Can delete user",
      "content_type": 4,
      "codename": "delete_user"
    }
  },
  {
    "model": "auth.permission",
    "pk": 16,
    "fields": {
      "name": "Can view user",
      "content_type": 4,
      "codename": "view_user"
    }
  },
  {
    "model": "auth.permission",
    "pk": 17,
    "fields": {
      "name": "Can add content type",
      "content_type": 5,
      "codename": "add_contenttype"
    }
  },
  {
    "model": "auth.permission",
    "pk": 18,
    "fields": {
      "name": "Can change content type",
      "content_type": 5,
      "codename": "change_contenttype"
    }
  },
  {
    "model": "auth.permission",
    "pk": 19,
    "fields": {
      "name": "Can delete content type",
      "content_type": 5,
      "codename": "delete_contenttype"
    }
  },
  {
    "model": "auth.permission",
    "pk": 20,
    "fields": {
      "name": "Can view content type",
      "content_type": 5,
      "codename": "view_contenttype"
    }
  },
  {
    "model": "auth.permission",
    "pk": 21,
    "fields": {
      "name": "Can add session",
      "content_type": 6,
      "codename": "add_session"
    }
  },
  {
    "model": "auth.permission",
    "pk": 22,
    "fields": {
      "name": "Can change session",
      "content_type": 6,
      "codename": "change_session"
    }
  },
  {
    "model": "auth.permission",
    "pk": 23,
    "fields": {
      "name": "Can delete session",
      "content_type": 6,
      "codename": "delete_session"
    }
  },
  {
    "model": "auth.permission",
    "pk": 24,
    "fields": {
      "name": "Can view session",
      "content_type": 6,
      "codename": "view_session"
    }
  },
  {
    "model": "auth.permission",
    "pk": 25,
    "fields": {
      "name": "Can add category",
      "content_type": 7,
      "codename": "add_category"
    }
  },
  {
    "model": "auth.permission",
    "pk": 26,
    "fields": {
      "name": "Can change category",
      "content_type": 7,
      "codename": "change_category"
    }
  },
  {
    "model": "auth.permission",
    "pk": 27,
    "fields": {
      "name": "Can delete category",
      "content_type": 7,
      "codename": "delete_category"
    }
  },
  {
    "model": "auth.permission",
    "pk": 28,
    "fields": {
      "name": "Can view category",
      "content_type": 7,
      "codename": "view_category"
    }
  },
  {
    "model": "auth.permission",
    "pk": 29,
    "fields": {
      "name": "Can add client",
      "content_type": 8,
      "codename": "add_client"
    }
  },
  {
    "model": "auth.permission",
    "pk": 30,
    "fields": {
      "name": "Can change client",
      "content_type": 8,
      "codename": "change_client"
    }
  },
  {
    "model": "auth.permission",
    "pk": 31,
    "fields": {
      "name": "Can delete client",
      "content_type": 8,
      "codename": "delete_client"
    }
  },
  {
    "model": "auth.permission",
    "pk": 32,
    "fields": {
      "name": "Can view client",
      "content_type": 8,
      "codename": "view_client"
    }
  },
  {
    "model": "auth.permission",
    "pk": 33,
    "fields": {
      "name": "Can add external care team",
      "content_type": 9,
      "codename": "add_externalcareteam"
    }
  },
  {
    "model": "auth.permission",
    "pk": 34,
    "fields": {
      "name": "Can change external care team",
      "content_type": 9,
      "codename": "change_externalcareteam"
    }
  },
  {
    "model": "auth.permission",
    "pk": 35,
    "fields": {
      "name": "Can delete external care team",
      "content_type": 9,
      "codename": "delete_externalcareteam"
    }
  },
  {
    "model": "auth.permission",
    "pk": 36,
    "fields": {
      "name": "Can view external care team",
      "content_type": 9,
      "codename": "view_externalcareteam"
    }
  },
  {
    "model": "auth.permission",
    "pk": 37,
    "fields": {
      "name": "Can add medications",
      "content_type": 10,
      "codename": "add_medications"
    }
  },
  {
    "model": "auth.permission",
    "pk": 38,
    "fields": {
      "name": "Can change medications",
      "content_type": 10,
      "codename": "change_medications"
    }
  },
  {
    "model": "auth.permission",
    "pk": 39,
    "fields": {
      "name": "Can delete medications",
      "content_type": 10,
      "codename": "delete_medications"
    }
  },
  {
    "model": "auth.permission",
    "pk": 40,
    "fields": {
      "name": "Can view medications",
      "content_type": 10,
      "codename": "view_medications"
    }
  },
  {
    "model": "auth.permission",
    "pk": 41,
    "fields": {
      "name": "Can add programs",
      "content_type": 11,
      "codename": "add_programs"
    }
  },
  {
    "model": "auth.permission",
    "pk": 42,
    "fields": {
      "name": "Can change programs",
      "content_type": 11,
      "codename": "change_programs"
    }
  },
  {
    "model": "auth.permission",
    "pk": 43,
    "fields": {
      "name": "Can delete programs",
      "content_type": 11,
      "codename": "delete_programs"
    }
  },
  {
    "model": "auth.permission",
    "pk": 44,
    "fields": {
      "name": "Can view programs",
      "content_type": 11,
      "codename": "view_programs"
    }
  },
  {
    "model": "auth.permission",
    "pk": 45,
    "fields": {
      "name": "Can add regional center",
      "content_type": 12,
      "codename": "add_regionalcenter"
    }
  },
  {
    "model": "auth.permission",
    "pk": 46,
    "fields": {
      "name": "Can change regional center",
      "content_type": 12,
      "codename": "change_regionalcenter"
    }
  },
  {
    "model": "auth.permission",
    "pk": 47,
    "fields": {
      "name": "Can delete regional center",
      "content_type": 12,
      "codename": "delete_regionalcenter"
    }
  },
  {
    "model": "auth.permission",
    "pk": 48,
    "fields": {
      "name": "Can view regional center",
      "content_type": 12,
      "codename": "view_regionalcenter"
    }
  },
  {
    "model": "auth.permission",
    "pk": 49,
    "fields": {
      "name": "Can add appointments",
      "content_type": 13,
      "codename": "add_appointments"
    }
  },
  {
    "model": "auth.permission",
    "pk": 50,
    "fields": {
      "name": "Can change appointments",
      "content_type": 13,
      "codename": "change_appointments"
    }
  },
  {
    "model": "auth.permission",
    "pk": 51,
    "fields": {
      "name": "Can delete appointments",
      "content_type": 13,
      "codename": "delete_appointments"
    }
  },
  {
    "model": "auth.permission",
    "pk": 52,
    "fields": {
      "name": "Can view appointments",
      "content_type": 13,
      "codename": "view_appointments"
    }
  },
  {
    "model": "auth.permission",
    "pk": 53,
    "fields": {
      "name": "Can add client family",
      "content_type": 14,
      "codename": "add_clientfamily"
    }
  },
  {
    "model": "auth.permission",
    "pk": 54,
    "fields": {
      "name": "Can change client family",
      "content_type": 14,
      "codename": "change_clientfamily"
    }
  },
  {
    "model": "auth.permission",
    "pk": 55,
    "fields": {
      "name": "Can delete client family",
      "content_type": 14,
      "codename": "delete_clientfamily"
    }
  },
  {
    "model": "auth.permission",
    "pk": 56,
    "fields": {
      "name": "Can view client family",
      "content_type": 14,
      "codename": "view_clientfamily"
    }
  },
  {
    "model": "auth.permission",
    "pk": 57,
    "fields": {
      "name": "Can add employee",
      "content_type": 15,
      "codename": "add_employee"
    }
  },
  {
    "model": "auth.permission",
    "pk": 58,
    "fields": {
      "name": "Can change employee",
      "content_type": 15,
      "codename": "change_employee"
    }
  },
  {
    "model": "auth.permission",
    "pk": 59,
    "fields": {
      "name": "Can delete employee",
      "content_type": 15,
      "codename": "delete_employee"
    }
  },
  {
    "model": "auth.permission",
    "pk": 60,
    "fields": {
      "name": "Can view employee",
      "content_type": 15,
      "codename": "view_employee"
    }
  },
  {
    "model": "auth.permission",
    "pk": 61,
    "fields": {
      "name": "Can add daily report",
      "content_type": 16,
      "codename": "add_dailyreport"
    }
  },
  {
    "model": "auth.permission",
    "pk": 62,
    "fields": {
      "name": "Can change daily report",
      "content_type": 16,
      "codename": "change_dailyreport"
    }
  },
  {
    "model": "auth.permission",
    "pk": 63,
    "fields": {
      "name": "Can delete daily report",
      "content_type": 16,
      "codename": "delete_dailyreport"
    }
  },
  {
    "model": "auth.permission",
    "pk": 64,
    "fields": {
      "name": "Can view daily report",
      "content_type": 16,
      "codename": "view_dailyreport"
    }
  },
  {
    "model": "auth.permission",
    "pk": 65,
    "fields": {
      "name": "Can add medication regimen",
      "content_type": 17,
      "codename": "add_medicationregimen"
    }
  },
  {
    "model": "auth.permission",
    "pk": 66,
    "fields": {
      "name": "Can change medication regimen",
      "content_type": 17,
      "codename": "change_medicationregimen"
    }
  },
  {
    "model": "auth.permission",
    "pk": 67,
    "fields": {
      "name": "Can delete medication regimen",
      "content_type": 17,
      "codename": "delete_medicationregimen"
    }
  },
  {
    "model": "auth.permission",
    "pk": 68,
    "fields": {
      "name": "Can view medication regimen",
      "content_type": 17,
      "codename": "view_medicationregimen"
    }
  },
  {
    "model": "auth.permission",
    "pk": 69,
    "fields": {
      "name": "Can add client program",
      "content_type": 18,
      "codename": "add_clientprogram"
    }
  },
  {
    "model": "auth.permission",
    "pk": 70,
    "fields": {
      "name": "Can change client program",
      "content_type": 18,
      "codename": "change_clientprogram"
    }
  },
  {
    "model": "auth.permission",
    "pk": 71,
    "fields": {
      "name": "Can delete client program",
      "content_type": 18,
      "codename": "delete_clientprogram"
    }
  },
  {
    "model": "auth.permission",
    "pk": 72,
    "fields": {
      "name": "Can view client program",
      "content_type": 18,
      "codename": "view_clientprogram"
    }
  },
  {
    "model": "auth.permission",
    "pk": 73,
    "fields": {
      "name": "Can add pto",
      "content_type": 19,
      "codename": "add_pto"
    }
  },
  {
    "model": "auth.permission",
    "pk": 74,
    "fields": {
      "name": "Can change pto",
      "content_type": 19,
      "codename": "change_pto"
    }
  },
  {
    "model": "auth.permission",
    "pk": 75,
    "fields": {
      "name": "Can delete pto",
      "content_type": 19,
      "codename": "delete_pto"
    }
  },
  {
    "model": "auth.permission",
    "pk": 76,
    "fields": {
      "name": "Can view pto",
      "content_type": 19,
      "codename": "view_pto"
    }
  },
  {
    "model": "auth.permission",
    "pk": 77,
    "fields": {
      "name": "Can add timesheet",
      "content_type": 20,
      "codename": "add_timesheet"
    }
  },
  {
    "model": "auth.permission",
    "pk": 78,
    "fields": {
      "name": "Can change timesheet",
      "content_type": 20,
      "codename": "change_timesheet"
    }
  },
  {
    "model": "auth.permission",
    "pk": 79,
    "fields": {
      "name": "Can delete timesheet",
      "content_type": 20,
      "codename": "delete_timesheet"
    }
  },
  {
    "model": "auth.permission",
    "pk": 80,
    "fields": {
      "name": "Can view timesheet",
      "content_type": 20,
      "codename": "view_timesheet"
    }
  },
  {
    "model": "auth.permission",
    "pk": 81,
    "fields": {
      "name": "Can add medical history",
      "content_type": 21,
      "codename": "add_medicalhistory"
    }
  },
  {
    "model": "auth.permission",
    "pk": 82,
    "fields": {
      "name": "Can change medical history",
      "content_type": 21,
      "codename": "change_medicalhistory"
    }
  },
  {
    "model": "auth.permission",
    "pk": 83,
    "fields": {
      "name": "Can delete medical history",
      "content_type": 21,
      "codename": "delete_medicalhistory"
    }
  },
  {
    "model": "auth.permission",
    "pk": 84,
    "fields": {
      "name": "Can view medical history",
      "content_type": 21,
      "codename": "view_medicalhistory"
    }
  },
  {
    "model": "auth.permission",
    "pk": 85,
    "fields": {
      "name": "Can add diagnosis",
      "content_type": 22,
      "codename": "add_diagnosis"
    }
  },
  {
    "model": "auth.permission",
    "pk": 86,
    "fields": {
      "name": "Can change diagnosis",
      "content_type": 22,
      "codename": "change_diagnosis"
    }
  },
  {
    "model": "auth.permission",
    "pk": 87,
    "fields": {
      "name": "Can delete diagnosis",
      "content_type": 22,
      "codename": "delete_diagnosis"
    }
  },
  {
    "model": "auth.permission",
    "pk": 88,
    "fields": {
      "name": "Can view diagnosis",
      "content_type": 22,
      "codename": "view_diagnosis"
    }
  },
  {
    "model": "auth.permission",
    "pk": 89,
    "fields": {
      "name": "Can add address",
      "content_type": 23,
      "codename": "add_address"
    }
  },
  {
    "model": "auth.permission",
    "pk": 90,
    "fields": {
      "name": "Can change address",
      "content_type": 23,
      "codename": "change_address"
    }
  },
  {
    "model": "auth.permission",
    "pk": 91,
    "fields": {
      "name": "Can delete address",
      "content_type": 23,
      "codename": "delete_address"
    }
  },
  {
    "model": "auth.permission",
    "pk": 92,
    "fields": {
      "name": "Can view address",
      "content_type": 23,
      "codename": "view_address"
    }
  },
  {
    "model": "auth.permission",
    "pk": 93,
    "fields": {
      "name": "Can add appointment",
      "content_type": 13,
      "codename": "add_appointment"
    }
  },
  {
    "model": "auth.permission",
    "pk": 94,
    "fields": {
      "name": "Can change appointment",
      "content_type": 13,
      "codename": "change_appointment"
    }
  },
  {
    "model": "auth.permission",
    "pk": 95,
    "fields": {
      "name": "Can delete appointment",
      "content_type": 13,
      "codename": "delete_appointment"
    }
  },
  {
    "model": "auth.permission",
    "pk": 96,
    "fields": {
      "name": "Can view appointment",
      "content_type": 13,
      "codename": "view_appointment"
    }
  },
  {
    "model": "auth.permission",
    "pk": 97,
    "fields": {
      "name": "Can add medication",
      "content_type": 10,
      "codename": "add_medication"
    }
  },
  {
    "model": "auth.permission",
    "pk": 98,
    "fields": {
      "name": "Can change medication",
      "content_type": 10,
      "codename": "change_medication"
    }
  },
  {
    "model": "auth.permission",
    "pk": 99,
    "fields": {
      "name": "Can delete medication",
      "content_type": 10,
      "codename": "delete_medication"
    }
  },
  {
    "model": "auth.permission",
    "pk": 100,
    "fields": {
      "name": "Can view medication",
      "content_type": 10,
      "codename": "view_medication"
    }
  },
  {
    "model": "auth.permission",
    "pk": 101,
    "fields": {
      "name": "Can add program",
      "content_type": 11,
      "codename": "add_program"
    }
  },
  {
    "model": "auth.permission",
    "pk": 102,
    "fields": {
      "name": "Can change program",
      "content_type": 11,
      "codename": "change_program"
    }
  },
  {
    "model": "auth.permission",
    "pk": 103,
    "fields": {
      "name": "Can delete program",
      "content_type": 11,
      "codename": "delete_program"
    }
  },
  {
    "model": "auth.permission",
    "pk": 104,
    "fields": {
      "name": "Can view program",
      "content_type": 11,
      "codename": "view_program"
    }
  },
  {
    "model": "auth.permission",
    "pk": 105,
    "fields": {
      "name": "Can add timesheet submission",
      "content_type": 24,
      "codename": "add_timesheetsubmission"
    }
  },
  {
    "model": "auth.permission",
    "pk": 106,
    "fields": {
      "name": "Can change timesheet submission",
      "content_type": 24,
      "codename": "change_timesheetsubmission"
    }
  },
  {
    "model": "auth.permission",
    "pk": 107,
    "fields": {
      "name": "Can delete timesheet submission",
      "content_type": 24,
      "codename": "delete_timesheetsubmission"
    }
  },
  {
    "model": "auth.permission",
    "pk": 108,
    "fields": {
      "name": "Can view timesheet submission",
      "content_type": 24,
      "codename": "view_timesheetsubmission"
    }
  },
  {
    "model": "auth.permission",
    "pk": 109,
    "fields": {
      "name": "Can add profile picture",
      "content_type": 25,
      "codename": "add_profilepicture"
    }
  },
  {
    "model": "auth.permission",
    "pk": 110,
    "fields": {
      "name": "Can change profile picture",
      "content_type": 25,
      "codename": "change_profilepicture"
    }
  },
  {
    "model": "auth.permission",
    "pk": 111,
    "fields": {
      "name": "Can delete profile picture",
      "content_type": 25,
      "codename": "delete_profilepicture"
    }
  },
  {
    "model": "auth.permission",
    "pk": 112,
    "fields": {
      "name": "Can view profile picture",
      "content_type": 25,
      "codename": "view_profilepicture"
    }
  },
  {
    "model": "auth.permission",
    "pk": 113,
    "fields": {
      "name": "Can add announcement",
      "content_type": 26,
      "codename": "add_announcement"
    }
  },
  {
    "model": "auth.permission",
    "pk": 114,
    "fields": {
      "name": "Can change announcement",
      "content_type": 26,
      "codename": "change_announcement"
    }
  },
  {
    "model": "auth.permission",
    "pk": 115,
    "fields": {
      "name": "Can delete announcement",
      "content_type": 26,
      "codename": "delete_announcement"
    }
  },
  {
    "model": "auth.permission",
    "pk": 116,
    "fields": {
      "name": "Can view announcement",
      "content_type": 26,
      "codename": "view_announcement"
    }
  },
  {
    "model": "auth.permission",
    "pk": 117,
    "fields": {
      "name": "Can add Client Report",
      "content_type": 27,
      "codename": "add_clientreport"
    }
  },
  {
    "model": "auth.permission",
    "pk": 118,
    "fields": {
      "name": "Can change Client Report",
      "content_type": 27,
      "codename": "change_clientreport"
    }
  },
  {
    "model": "auth.permission",
    "pk": 119,
    "fields": {
      "name": "Can delete Client Report",
      "content_type": 27,
      "codename": "delete_clientreport"
    }
  },
  {
    "model": "auth.permission",
    "pk": 120,
    "fields": {
      "name": "Can view Client Report",
      "content_type": 27,
      "codename": "view_clientreport"
    }
  },
  {
    "model": "auth.permission",
    "pk": 121,
    "fields": {
      "name": "Can add Employee Request",
      "content_type": 28,
      "codename": "add_employeerequest"
    }
  },
  {
    "model": "auth.permission",
    "pk": 122,
    "fields": {
      "name": "Can change Employee Request",
      "content_type": 28,
      "codename": "change_employeerequest"
    }
  },
  {
    "model": "auth.permission",
    "pk": 123,
    "fields": {
      "name": "Can delete Employee Request",
      "content_type": 28,
      "codename": "delete_employeerequest"
    }
  },
  {
    "model": "auth.permission",
    "pk": 124,
    "fields": {
      "name": "Can view Employee Request",
      "content_type": 28,
      "codename": "view_employeerequest"
    }
  },
  {
    "model": "auth.user",
    "pk": 1,
    "fields": {
      "password": "pbkdf2_sha256$870000$AbKwfJv9dUVJhQrEQ2V3Wg$mEqh855eEjgnL/RPld2WaAmSZebJcDM0CFVnxZbmXio=",
      "last_login": "2025-02-28T04:34:59.598Z",
      "is_superuser": true,
      "username": "leonard",
      "first_name": "Leonard",
      "last_name": "Paul-Kamara",
      "email": "leonardpaulkamara@gmail.com",
      "is_staff": true,
      "is_active": true,
      "date_joined": "2025-02-24T21:57:36Z",
      "groups": [],
      "user_permissions": []
    }
  },
  {
    "model": "auth.user",
    "pk": 2,
    "fields": {
      "password": "pbkdf2_sha256$870000$bPtp53txOJ3EROPdqPWegz$SijNUI96+YKRqTUY5aFp2xqqxNtanNlFgui3Sp86RWM=",
      "last_login": "2025-02-26T20:18:22.668Z",
      "is_superuser": false,
      "username": "josh.brolin@example.com",
      "first_name": "",
      "last_name": "",
      "email": "",
      "is_staff": false,
      "is_active": true,
      "date_joined": "2025-02-25T01:50:53.310Z",
      "groups": [],
      "user_permissions": []
    }
  },
  {
    "model": "auth.user",
    "pk": 3,
    "fields": {
      "password": "pbkdf2_sha256$870000$PoKLVZnnPMLBFBjoAOdN4T$L3gJy9pr6COeZZVB6BkawL8aMiFzgNycDKZ/qdbU8pY=",
      "last_login": null,
      "is_superuser": false,
      "username": "patricksineh@example.com",
      "first_name": "Patrick",
      "last_name": "Sineh",
      "email": "patricksineh@example.com",
      "is_staff": false,
      "is_active": true,
      "date_joined": "2025-02-25T01:53:22.295Z",
      "groups": [],
      "user_permissions": []
    }
  },
  {
    "model": "auth.user",
    "pk": 4,
    "fields": {
      "password": "pbkdf2_sha256$870000$pYuz5zmxcveKw0zV0caEAv$zOcVPfiIn8BDBDQECcF7XiCfEgEn5L5Ad+y3A8J82yk=",
      "last_login": null,
      "is_superuser": false,
      "username": "jay.cook@example.com",
      "first_name": "Jay",
      "last_name": "Cook",
      "email": "jay.cook@example.com",
      "is_staff": false,
      "is_active": true,
      "date_joined": "2025-02-25T02:10:10.662Z",
      "groups": [],
      "user_permissions": []
    }
  },
  {
    "model": "auth.user",
    "pk": 5,
    "fields": {
      "password": "pbkdf2_sha256$870000$84eOdir4lf4JGN0ogFG2y2$Bd7CvNYDVMWK8fU3dggaI9GfiuQ+YCvS+kuBuziLXMA=",
      "last_login": null,
      "is_superuser": false,
      "username": "zubakay@example.com",
      "first_name": "Zuba",
      "last_name": "Kay",
      "email": "zubakay@example.com",
      "is_staff": false,
      "is_active": true,
      "date_joined": "2025-02-25T02:10:11.070Z",
      "groups": [],
      "user_permissions": []
    }
  },
  {
    "model": "auth.user",
    "pk": 6,
    "fields": {
      "password": "pbkdf2_sha256$870000$RRuVoe6LrPh7xvHQwmMPXX$UuwOp8Va6lmPDQe1tdCi7Qn+/JA/bE2ksJ3Idotg2zA=",
      "last_login": null,
      "is_superuser": false,
      "username": "abiduncan@example.com",
      "first_name": "Abi",
      "last_name": "Duncan",
      "email": "abiduncan@example.com",
      "is_staff": false,
      "is_active": true,
      "date_joined": "2025-02-25T02:10:11.566Z",
      "groups": [],
      "user_permissions": []
    }
  },
  {
    "model": "auth.user",
    "pk": 7,
    "fields": {
      "password": "pbkdf2_sha256$870000$ncqumlhlX4HW2ZQAXYAC1H$5TxEYxEizyoZPczCY+Yu7cFx5UMLgFxG8btZnmR+ZuQ=",
      "last_login": "2025-02-27T20:10:46.092Z",
      "is_superuser": false,
      "username": "jasonta.coker@example.com",
      "first_name": "Jasonta",
      "last_name": "Coker",
      "email": "jasonta.coker@example.com",
      "is_staff": false,
      "is_active": true,
      "date_joined": "2025-02-27T19:40:49.081Z",
      "groups": [],
      "user_permissions": []
    }
  },
  {
    "model": "sessions.session",
    "pk": "mm0dbohn6c3ct4ed0es1qdq34j72uk8y",
    "fields": {
      "session_data": ".eJxVjDsOwjAQBe_iGlnZxF9Kes4Q7XrXOIAcKU4qxN0hUgpo38y8lxpxW8u4NVnGidVZgTr9boTpIXUHfMd6m3Wa67pMpHdFH7Tp68zyvBzu30HBVr61gCVPUfow5JCJCaOFfjCZk8seINgUbYwAHo0JjjuWzntnupzQDmLV-wPp3ze2:1tns5T:4Af5hPbWl1GAGik2CenpoWpvKntRdRnZ20u2EDPQrf8",
      "expire_date": "2025-03-14T04:34:59.604Z"
    }
  },
  {
    "model": "sessions.session",
    "pk": "u029os1fxpvm0j7abpbkg5de40gg0kel",
    "fields": {
      "session_data": ".eJxVjMEOwiAQRP-FsyFdWgQ8evcbyC67SNXQpLQn47_bJj3oaZJ5b-atIq5LiWuTOY6sLgrU6bcjTE-pO-AH1vuk01SXeSS9K_qgTd8mltf1cP8OCrayrc0AFIS5B8yBxIqnlBAs-87nLMlbGAyyWMpkLHW8hcDZcZDeATr1-QIb9DlM:1to5Z9:pGVLSU4Rcbh1PYG2k9MywSu44G_aha3DC4rTQTozOR8",
      "expire_date": "2025-03-14T18:58:31.622Z"
    }
  },
  {
    "model": "sess_admin_portal.profilepicture",
    "pk": 1,
    "fields": {
      "image": "profile_pics/LeonardHeadshot.jpg",
      "uploaded_at": "2025-02-26T09:45:17.075Z",
      "content_type": 15,
      "object_id": 6
    }
  },
  {
    "model": "sess_admin_portal.profilepicture",
    "pk": 2,
    "fields": {
      "image": "profile_pics/IMG_6898.jpg",
      "uploaded_at": "2025-02-27T19:49:09.886Z",
      "content_type": 15,
      "object_id": 7
    }
  },
  {
    "model": "sess_admin_portal.profilepicture",
    "pk": 3,
    "fields": {
      "image": "profile_pics/LeonardHeadshot_vci0Let.jpg",
      "uploaded_at": "2025-02-28T19:24:11.468Z",
      "content_type": 15,
      "object_id": 6
    }
  },
  {
    "model": "sess_admin_portal.profilepicture",
    "pk": 5,
    "fields": {
      "image": "profile_pics/IMG_6898_bxjsjH7_6HOovQQ.jpg",
      "uploaded_at": "2025-03-01T02:51:48.080Z",
      "content_type": 15,
      "object_id": 7
    }
  },
  {
    "model": "sess_admin_portal.address",
    "pk": 1,
    "fields": {
      "street": "123 Elm Street",
      "apt_or_unit": null,
      "city": "Hayward",
      "state": "California",
      "zipcode": "94542",
      "content_type": 8,
      "object_id": null
    }
  },
  {
    "model": "sess_admin_portal.address",
    "pk": 2,
    "fields": {
      "street": "456 Maple Avenue",
      "apt_or_unit": "67",
      "city": "Fremont",
      "state": "California",
      "zipcode": "94536",
      "content_type": 8,
      "object_id": null
    }
  },
  {
    "model": "sess_admin_portal.address",
    "pk": 3,
    "fields": {
      "street": "789 Oak Drive",
      "apt_or_unit": "34",
      "city": "Oakland",
      "state": "California",
      "zipcode": "94597",
      "content_type": 8,
      "object_id": null
    }
  },
  {
    "model": "sess_admin_portal.address",
    "pk": 4,
    "fields": {
      "street": "321 Pine Road",
      "apt_or_unit": null,
      "city": "Tracy",
      "state": "California",
      "zipcode": "94542",
      "content_type": 8,
      "object_id": null
    }
  },
  {
    "model": "sess_admin_portal.address",
    "pk": 5,
    "fields": {
      "street": "654 Cedar Blvd",
      "apt_or_unit": "256",
      "city": "Sonora",
      "state": "California",
      "zipcode": "94597",
      "content_type": 8,
      "object_id": null
    }
  },
  {
    "model": "sess_admin_portal.address",
    "pk": 6,
    "fields": {
      "street": "123 Street Name",
      "apt_or_unit": null,
      "city": "Modesto",
      "state": "California",
      "zipcode": "94536",
      "content_type": 15,
      "object_id": null
    }
  },
  {
    "model": "sess_admin_portal.address",
    "pk": 7,
    "fields": {
      "street": "28 Upper Drive",
      "apt_or_unit": "8",
      "city": "Manteca",
      "state": "California",
      "zipcode": "94597",
      "content_type": 15,
      "object_id": null
    }
  },
  {
    "model": "sess_admin_portal.address",
    "pk": 8,
    "fields": {
      "street": "9 Sixth Street",
      "apt_or_unit": "250",
      "city": "Oakdale",
      "state": "California",
      "zipcode": "94597",
      "content_type": 15,
      "object_id": null
    }
  },
  {
    "model": "sess_admin_portal.address",
    "pk": 9,
    "fields": {
      "street": "28 Boat Court",
      "apt_or_unit": null,
      "city": "Calavaras",
      "state": "California",
      "zipcode": "94542",
      "content_type": 15,
      "object_id": null
    }
  },
  {
    "model": "sess_admin_portal.address",
    "pk": 10,
    "fields": {
      "street": "9 Crystal Palaca",
      "apt_or_unit": null,
      "city": "Dublin",
      "state": "California",
      "zipcode": "94536",
      "content_type": 15,
      "object_id": null
    }
  },
  {
    "model": "sess_admin_portal.address",
    "pk": 11,
    "fields": {
      "street": "25200 Carlos Bee Blvd",
      "apt_or_unit": "121",
      "city": "Hayward",
      "state": "California",
      "zipcode": "94542",
      "content_type": 15,
      "object_id": null
    }
  },
  {
    "model": "sess_admin_portal.regionalcenter",
    "pk": 1,
    "fields": {
      "regional_center": "Central California Regional Center (CCRC)",
      "address": null,
      "phone_number": null,
      "email": null
    }
  },
  {
    "model": "sess_admin_portal.regionalcenter",
    "pk": 2,
    "fields": {
      "regional_center": "Central Valley Regional Center (CVRC)",
      "address": null,
      "phone_number": null,
      "email": null
    }
  },
  {
    "model": "sess_admin_portal.regionalcenter",
    "pk": 3,
    "fields": {
      "regional_center": "Eastern Regional Center (ERC)",
      "address": null,
      "phone_number": null,
      "email": null
    }
  },
  {
    "model": "sess_admin_portal.regionalcenter",
    "pk": 4,
    "fields": {
      "regional_center": "Golden Gate Regional Center (GGRC)",
      "address": null,
      "phone_number": null,
      "email": null
    }
  },
  {
    "model": "sess_admin_portal.regionalcenter",
    "pk": 5,
    "fields": {
      "regional_center": "Inland Regional Center (IRC)",
      "address": null,
      "phone_number": null,
      "email": null
    }
  },
  {
    "model": "sess_admin_portal.regionalcenter",
    "pk": 6,
    "fields": {
      "regional_center": "North Bay Regional Center (NBRC)",
      "address": null,
      "phone_number": null,
      "email": null
    }
  },
  {
    "model": "sess_admin_portal.regionalcenter",
    "pk": 7,
    "fields": {
      "regional_center": "Northwest Regional Center (NWRC)",
      "address": null,
      "phone_number": null,
      "email": null
    }
  },
  {
    "model": "sess_admin_portal.regionalcenter",
    "pk": 8,
    "fields": {
      "regional_center": "Sacramento Area Regional Center (SARC)",
      "address": null,
      "phone_number": null,
      "email": null
    }
  },
  {
    "model": "sess_admin_portal.regionalcenter",
    "pk": 9,
    "fields": {
      "regional_center": "San Diego Regional Center (SDRC)",
      "address": null,
      "phone_number": null,
      "email": null
    }
  },
  {
    "model": "sess_admin_portal.regionalcenter",
    "pk": 10,
    "fields": {
      "regional_center": "Southern California Regional Center (SCRC)",
      "address": null,
      "phone_number": null,
      "email": null
    }
  },
  {
    "model": "sess_admin_portal.regionalcenter",
    "pk": 11,
    "fields": {
      "regional_center": "Southern Regional Center (SRC)",
      "address": null,
      "phone_number": null,
      "email": null
    }
  },
  {
    "model": "sess_admin_portal.regionalcenter",
    "pk": 12,
    "fields": {
      "regional_center": "Western Central Regional Center (WCRC)",
      "address": null,
      "phone_number": null,
      "email": null
    }
  },
  {
    "model": "sess_admin_portal.client",
    "pk": 1,
    "fields": {
      "first_name": "John",
      "middle_name": null,
      "last_name": "Doe",
      "sex": "Male",
      "address": 1,
      "phone_number": "555-101 - 1010",
      "email": "john.doe@example.com",
      "date_of_birth": "2015-06-01",
      "regional_center": 2,
      "onboarding_date": "2023-01-15",
      "offboarding_date": null,
      "active": true
    }
  },
  {
    "model": "sess_admin_portal.client",
    "pk": 2,
    "fields": {
      "first_name": "Emily",
      "middle_name": null,
      "last_name": "Smith",
      "sex": "Female",
      "address": 2,
      "phone_number": "444-526-6000",
      "email": "emily.smith@example.com",
      "date_of_birth": "2000-03-15",
      "regional_center": 6,
      "onboarding_date": "2022-09-10",
      "offboarding_date": null,
      "active": true
    }
  },
  {
    "model": "sess_admin_portal.client",
    "pk": 3,
    "fields": {
      "first_name": "Michael",
      "middle_name": null,
      "last_name": "Johnson",
      "sex": "Male",
      "address": 3,
      "phone_number": "555-303-3000",
      "email": "michael.johnson@example.com",
      "date_of_birth": "1985-11-20",
      "regional_center": 4,
      "onboarding_date": "2020-09-17",
      "offboarding_date": null,
      "active": true
    }
  },
  {
    "model": "sess_admin_portal.client",
    "pk": 4,
    "fields": {
      "first_name": "Sarah",
      "middle_name": null,
      "last_name": "Williams",
      "sex": "Female",
      "address": 4,
      "phone_number": "555-400-4000",
      "email": "sarah.williams@example.com",
      "date_of_birth": "1970-08-10",
      "regional_center": 2,
      "onboarding_date": "2018-03-15",
      "offboarding_date": null,
      "active": true
    }
  },
  {
    "model": "sess_admin_portal.client",
    "pk": 5,
    "fields": {
      "first_name": "Robert",
      "middle_name": null,
      "last_name": "Brown",
      "sex": "Male",
      "address": 5,
      "phone_number": null,
      "email": null,
      "date_of_birth": "1955-02-28",
      "regional_center": 2,
      "onboarding_date": "2015-07-30",
      "offboarding_date": null,
      "active": true
    }
  },
  {
    "model": "sess_admin_portal.category",
    "pk": 1,
    "fields": {
      "category": "Physical"
    }
  },
  {
    "model": "sess_admin_portal.category",
    "pk": 2,
    "fields": {
      "category": "Intellectual"
    }
  },
  {
    "model": "sess_admin_portal.category",
    "pk": 3,
    "fields": {
      "category": "Physical/Intellectual"
    }
  },
  {
    "model": "sess_admin_portal.diagnosis",
    "pk": 1,
    "fields": {
      "category": 1,
      "diagnosis": "Cerebral Palsy",
      "description": "A group of disorders affecting movement, muscle tone, and posture. In some cases, cognitive impairment may also be present."
    }
  },
  {
    "model": "sess_admin_portal.diagnosis",
    "pk": 2,
    "fields": {
      "category": 1,
      "diagnosis": "Spina Bifida",
      "description": "A neural tube defect that can result in varying degrees of physical disability."
    }
  },
  {
    "model": "sess_admin_portal.diagnosis",
    "pk": 3,
    "fields": {
      "category": 1,
      "diagnosis": "Muscular Dystrophy",
      "description": "A collection of genetic disorders that cause progressive muscle weakness and degeneration."
    }
  },
  {
    "model": "sess_admin_portal.diagnosis",
    "pk": 4,
    "fields": {
      "category": 1,
      "diagnosis": "Multiple Sclerosis",
      "description": "A chronic disease affecting the central nervous system, often leading to physical impairments over time."
    }
  },
  {
    "model": "sess_admin_portal.diagnosis",
    "pk": 5,
    "fields": {
      "category": 1,
      "diagnosis": "Traumatic Brain Injury (TBI)",
      "description": "While primarily known for affecting cognitive functions, TBIs can also result in significant physical impairments."
    }
  },
  {
    "model": "sess_admin_portal.diagnosis",
    "pk": 6,
    "fields": {
      "category": 2,
      "diagnosis": "Down Syndrome",
      "description": "A genetic condition caused by an extra copy of chromosome 21, often associated with mild to moderate intellectual disability along with potential physical health issues."
    }
  },
  {
    "model": "sess_admin_portal.diagnosis",
    "pk": 7,
    "fields": {
      "category": 2,
      "diagnosis": "Fragile X Syndrome",
      "description": "The most common inherited form of intellectual disability, resulting from a genetic mutation that affects brain development."
    }
  },
  {
    "model": "sess_admin_portal.diagnosis",
    "pk": 8,
    "fields": {
      "category": 2,
      "diagnosis": "Autism Spectrum Disorder (ASD)",
      "description": "Although autism is primarily characterized by challenges with social interaction and communication, a subset of individuals on the spectrum may also have co-occurring intellectual disabilities."
    }
  },
  {
    "model": "sess_admin_portal.diagnosis",
    "pk": 9,
    "fields": {
      "category": 2,
      "diagnosis": "Fetal Alcohol Spectrum Disorders (FASD)",
      "description": "A range of effects that can occur in individuals whose mothers consumed alcohol during pregnancy, potentially leading to intellectual and developmental disabilities."
    }
  },
  {
    "model": "sess_admin_portal.diagnosis",
    "pk": 10,
    "fields": {
      "category": 3,
      "diagnosis": "Cerebral Palsy",
      "description": "Although cerebral palsy is primarily characterized by physical challenges\u00e2\u201d\u0153\u00e2\u2022\u00a3such as impaired motor function, muscle stiffness, or coordination issues\u00e2\u201d\u0153\u00e2\u2022\u00a3it can also be accompanied by intellectual or cognitive impairments in some individuals. This makes cerebral palsy a condition that may fall under both the physical and intellectual categories depending on the individual's overall profile."
    }
  },
  {
    "model": "sess_admin_portal.employee",
    "pk": 1,
    "fields": {
      "user": 4,
      "first_name": "Jay",
      "middle_name": null,
      "last_name": "Cook",
      "sex": "Female",
      "phone_number": "510-300-4000",
      "email": "jay.cook@example.com",
      "address": 6,
      "date_of_birth": "1997-05-07",
      "hire_date": "2024-05-10",
      "termination_date": null,
      "active": true,
      "regionalCenter": 2,
      "client": 4,
      "role": "Employee"
    }
  },
  {
    "model": "sess_admin_portal.employee",
    "pk": 2,
    "fields": {
      "user": null,
      "first_name": "Zuba",
      "middle_name": null,
      "last_name": "Kay",
      "sex": "Male",
      "phone_number": "320-876-9087",
      "email": "zubakay@example.com",
      "address": 7,
      "date_of_birth": "1990-12-20",
      "hire_date": "2023-06-09",
      "termination_date": null,
      "active": true,
      "regionalCenter": 2,
      "client": 3,
      "role": "Employee"
    }
  },
  {
    "model": "sess_admin_portal.employee",
    "pk": 3,
    "fields": {
      "user": null,
      "first_name": "Abi",
      "middle_name": null,
      "last_name": "Duncan",
      "sex": "Female",
      "phone_number": "345-678-0987",
      "email": "abiduncan@example.com",
      "address": 8,
      "date_of_birth": "1987-04-03",
      "hire_date": "2017-09-01",
      "termination_date": null,
      "active": true,
      "regionalCenter": 2,
      "client": 2,
      "role": "Employee"
    }
  },
  {
    "model": "sess_admin_portal.employee",
    "pk": 4,
    "fields": {
      "user": 2,
      "first_name": "Josh",
      "middle_name": null,
      "last_name": "Brolin",
      "sex": "Male",
      "phone_number": "123-456-7891",
      "email": "josh.brolin@example.com",
      "address": 9,
      "date_of_birth": "1992-08-04",
      "hire_date": "2020-10-03",
      "termination_date": null,
      "active": true,
      "regionalCenter": 2,
      "client": 1,
      "role": "Employee"
    }
  },
  {
    "model": "sess_admin_portal.employee",
    "pk": 5,
    "fields": {
      "user": 3,
      "first_name": "Patrick",
      "middle_name": null,
      "last_name": "Sineh",
      "sex": "Male",
      "phone_number": "456-987-1234",
      "email": "patricksineh@example.com",
      "address": 10,
      "date_of_birth": "1989-08-10",
      "hire_date": "2023-05-18",
      "termination_date": null,
      "active": true,
      "regionalCenter": 2,
      "client": 3,
      "role": "Employee"
    }
  },
  {
    "model": "sess_admin_portal.employee",
    "pk": 6,
    "fields": {
      "user": 1,
      "first_name": "Leonard",
      "middle_name": null,
      "last_name": "Kamara",
      "sex": "Male",
      "phone_number": "",
      "email": "leonardpaulkamara@gmail.com",
      "address": null,
      "date_of_birth": "1985-05-03",
      "hire_date": "2024-02-01",
      "termination_date": null,
      "active": true,
      "regionalCenter": 1,
      "client": 1,
      "role": ""
    }
  },
  {
    "model": "sess_admin_portal.employee",
    "pk": 7,
    "fields": {
      "user": 7,
      "first_name": "Jasonta",
      "middle_name": null,
      "last_name": "Coker",
      "sex": "Female",
      "phone_number": "4694355678",
      "email": "jasonta.coker@example.com",
      "address": null,
      "date_of_birth": "1996-10-17",
      "hire_date": "2025-01-06",
      "termination_date": null,
      "active": true,
      "regionalCenter": 1,
      "client": 4,
      "role": "Employee"
    }
  },
  {
    "model": "sess_admin_portal.dailyreport",
    "pk": 3,
    "fields": {
      "date": "2025-02-26",
      "time": "22:39:00",
      "report": "John Doe woke up in good spirits. Increased appetite.",
      "client": 1,
      "employee": 4
    }
  },
  {
    "model": "sess_admin_portal.dailyreport",
    "pk": 4,
    "fields": {
      "date": "2025-02-27",
      "time": "19:50:00",
      "report": "Gave Sarah bath in the morning. Took sarah out to shop.",
      "client": 4,
      "employee": 7
    }
  },
  {
    "model": "sess_admin_portal.timesheetsubmission",
    "pk": 3,
    "fields": {
      "employee": 6,
      "start_date": "2025-02-16",
      "end_date": "2025-02-28",
      "status": "Approved",
      "submitted_at": "2025-02-25T06:19:56.479Z"
    }
  },
  {
    "model": "sess_admin_portal.timesheetsubmission",
    "pk": 4,
    "fields": {
      "employee": 6,
      "start_date": "2025-02-23",
      "end_date": "2025-02-28",
      "status": "Approved",
      "submitted_at": "2025-02-25T07:06:04.862Z"
    }
  },
  {
    "model": "sess_admin_portal.timesheetsubmission",
    "pk": 5,
    "fields": {
      "employee": 4,
      "start_date": "2025-02-16",
      "end_date": "2025-02-28",
      "status": "Approved",
      "submitted_at": "2025-02-26T20:20:47.932Z"
    }
  },
  {
    "model": "sess_admin_portal.timesheetsubmission",
    "pk": 6,
    "fields": {
      "employee": 7,
      "start_date": "2025-02-16",
      "end_date": "2025-02-28",
      "status": "Approved",
      "submitted_at": "2025-02-27T20:08:27.386Z"
    }
  },
  {
    "model": "sess_admin_portal.timesheet",
    "pk": 1,
    "fields": {
      "date": "2025-02-17",
      "time_in": "08:00:00",
      "time_out": "17:00:00",
      "employee": 4,
      "submission": 5,
      "status": "Pending"
    }
  },
  {
    "model": "sess_admin_portal.timesheet",
    "pk": 2,
    "fields": {
      "date": "2025-02-18",
      "time_in": "08:00:00",
      "time_out": "17:00:00",
      "employee": 4,
      "submission": 5,
      "status": "Pending"
    }
  },
  {
    "model": "sess_admin_portal.timesheet",
    "pk": 3,
    "fields": {
      "date": "2025-02-19",
      "time_in": "08:00:00",
      "time_out": "17:00:00",
      "employee": 4,
      "submission": 5,
      "status": "Pending"
    }
  },
  {
    "model": "sess_admin_portal.timesheet",
    "pk": 4,
    "fields": {
      "date": "2025-02-20",
      "time_in": "08:00:00",
      "time_out": "17:00:00",
      "employee": 4,
      "submission": 5,
      "status": "Pending"
    }
  },
  {
    "model": "sess_admin_portal.timesheet",
    "pk": 5,
    "fields": {
      "date": "2025-02-21",
      "time_in": "08:00:00",
      "time_out": "17:00:00",
      "employee": 4,
      "submission": 5,
      "status": "Pending"
    }
  },
  {
    "model": "sess_admin_portal.timesheet",
    "pk": 6,
    "fields": {
      "date": "2025-02-24",
      "time_in": "08:00:00",
      "time_out": "17:00:00",
      "employee": 4,
      "submission": 5,
      "status": "Pending"
    }
  },
  {
    "model": "sess_admin_portal.timesheet",
    "pk": 7,
    "fields": {
      "date": "2025-02-25",
      "time_in": "08:00:00",
      "time_out": "17:00:00",
      "employee": 4,
      "submission": 5,
      "status": "Pending"
    }
  },
  {
    "model": "sess_admin_portal.timesheet",
    "pk": 8,
    "fields": {
      "date": "2025-02-17",
      "time_in": "08:00:00",
      "time_out": "17:00:00",
      "employee": 7,
      "submission": 6,
      "status": "Pending"
    }
  },
  {
    "model": "sess_admin_portal.timesheet",
    "pk": 9,
    "fields": {
      "date": "2025-02-18",
      "time_in": "08:00:00",
      "time_out": "17:00:00",
      "employee": 7,
      "submission": 6,
      "status": "Pending"
    }
  },
  {
    "model": "sess_admin_portal.timesheet",
    "pk": 10,
    "fields": {
      "date": "2025-02-19",
      "time_in": "08:00:00",
      "time_out": "17:00:00",
      "employee": 7,
      "submission": 6,
      "status": "Pending"
    }
  },
  {
    "model": "sess_admin_portal.timesheet",
    "pk": 11,
    "fields": {
      "date": "2025-02-20",
      "time_in": "08:00:00",
      "time_out": "17:00:00",
      "employee": 7,
      "submission": 6,
      "status": "Pending"
    }
  },
  {
    "model": "sess_admin_portal.timesheet",
    "pk": 12,
    "fields": {
      "date": "2025-02-21",
      "time_in": "08:00:00",
      "time_out": "17:00:00",
      "employee": 7,
      "submission": 6,
      "status": "Pending"
    }
  },
  {
    "model": "sess_admin_portal.timesheet",
    "pk": 13,
    "fields": {
      "date": "2025-02-24",
      "time_in": "08:00:00",
      "time_out": "17:00:00",
      "employee": 7,
      "submission": 6,
      "status": "Pending"
    }
  },
  {
    "model": "sess_admin_portal.timesheet",
    "pk": 14,
    "fields": {
      "date": "2025-02-25",
      "time_in": "08:00:00",
      "time_out": "17:00:00",
      "employee": 7,
      "submission": 6,
      "status": "Pending"
    }
  },
  {
    "model": "sess_admin_portal.timesheet",
    "pk": 15,
    "fields": {
      "date": "2025-02-26",
      "time_in": "08:00:00",
      "time_out": "17:00:00",
      "employee": 7,
      "submission": 6,
      "status": "Pending"
    }
  },
  {
    "model": "sess_admin_portal.timesheet",
    "pk": 16,
    "fields": {
      "date": "2025-02-27",
      "time_in": "08:00:00",
      "time_out": "17:00:00",
      "employee": 7,
      "submission": 6,
      "status": "Pending"
    }
  },
  {
    "model": "sess_admin_portal.timesheet",
    "pk": 17,
    "fields": {
      "date": "2025-02-28",
      "time_in": "08:00:00",
      "time_out": "17:00:00",
      "employee": 7,
      "submission": 6,
      "status": "Pending"
    }
  },
  {
    "model": "sess_admin_portal.pto",
    "pk": 1,
    "fields": {
      "employee": 7,
      "pto_type": "Multiple Days",
      "start_date": "2025-03-11",
      "end_date": "2025-04-04",
      "start_time": null,
      "end_time": null,
      "reason": "Family emergency",
      "notes": null,
      "status": "Approved",
      "submitted_at": "2025-02-28T02:58:35.036Z",
      "reviewed_at": "2025-02-28T04:39:57.107Z",
      "reviewed_by": 1
    }
  },
  {
    "model": "sess_admin_portal.employeerequest",
    "pk": 1,
    "fields": {
      "employee": 7,
      "request_type": "Personal Info Change",
      "subject": "Add Middle Name",
      "description": "Please include my middle Name: Ruth.",
      "status": "Pending",
      "submitted_at": "2025-02-28T04:12:05.683Z",
      "updated_at": "2025-02-28T04:12:05.683Z",
      "resolved_at": null,
      "resolved_by": null,
      "resolution_notes": null
    }
  }
]